[
  {
    "id": 1,
    "pais": "United States",
    "poblacion": 331002651,
    "longitud": -95.7129
  },
  {
    "id": 2,
    "pais": "China",
    "poblacion": 1439323776,
    "longitud": 104.1954
  },
  {
    "id": 3,
    "pais": "India",
    "poblacion": 1380004385,
    "longitud": 78.9629
  },
  {
    "id": 4,
    "pais": "Brazil",
    "poblacion": 212559417,
    "longitud": -51.9253
  },
  {
    "id": 5,
    "pais": "Nigeria",
    "poblacion": 206139589,
    "longitud": 8.6753
  },
  {
    "id": 6,
    "pais": "Russia",
    "poblacion": 145934462,
    "longitud": 105.3188
  },
  {
    "id": 7,
    "pais": "Japan",
    "poblacion": 126476461,
    "longitud": 138.2529
  },
  {
    "id": 8,
    "pais": "Mexico",
    "poblacion": 128932753,
    "longitud": -102.5528
  },
  {
    "id": 9,
    "pais": "Germany",
    "poblacion": 83783942,
    "longitud": 10.4515
  },
  {
    "id": 11,
    "pais": "Venezuela",
    "poblacion": 32323776,
    "longitud": 96.1954
  }
]